CREATE DATABASE  IF NOT EXISTS `actividades`;
USE `actividades`;
SET NAMES utf8 ;

--
-- Table structure for table `almacenes`
--

DROP TABLE IF EXISTS `almacenes`;
/*!40101 SET @saved_cs_client     = @@character_set_client */;
 SET character_set_client = utf8mb4 ;
CREATE TABLE `almacenes` (
  `CODIGO` int NOT NULL,
  `LUGAR` varchar(255) NOT NULL,
  `CAPACIDAD` int NOT NULL,
  PRIMARY KEY (`CODIGO`)
) ENGINE=InnoDB DEFAULT CHARSET=utf8;
/*!40101 SET character_set_client = @saved_cs_client */;

--
-- Dumping data for table `almacenes`
--

LOCK TABLES `almacenes` WRITE;
/*!40000 ALTER TABLE `almacenes` DISABLE KEYS */;
INSERT INTO `almacenes` VALUES (1,'Valencia',3),(2,'Barcelona',4),(3,'Bilbao',7),(4,'Los Angeles',2),(5,'San Francisco',8);
/*!40000 ALTER TABLE `almacenes` ENABLE KEYS */;
UNLOCK TABLES;

--
-- Table structure for table `articulos`
--

DROP TABLE IF EXISTS `articulos`;
/*!40101 SET @saved_cs_client     = @@character_set_client */;
 SET character_set_client = utf8mb4 ;
CREATE TABLE `articulos` (
  `CODIGO` int NOT NULL,
  `NOMBRE` varchar(255) NOT NULL,
  `PRECIO` decimal(10,0) NOT NULL,
  `FABRICANTE` int NOT NULL,
  PRIMARY KEY (`CODIGO`),
  KEY `FABRICANTE` (`FABRICANTE`),
  CONSTRAINT `articulos_ibfk_1` FOREIGN KEY (`FABRICANTE`) REFERENCES `fabricantes` (`CODIGO`)
) ENGINE=InnoDB DEFAULT CHARSET=utf8;
/*!40101 SET character_set_client = @saved_cs_client */;

--
-- Dumping data for table `articulos`
--

LOCK TABLES `articulos` WRITE;
/*!40000 ALTER TABLE `articulos` DISABLE KEYS */;
INSERT INTO `articulos` VALUES (1,'Hard drive',240,5),(2,'Memory',120,6),(3,'ZIP drive',150,4),(4,'Floppy disk',5,6),(5,'Monitor',240,1),(6,'DVD drive',180,2),(7,'CD drive',90,2),(8,'Printer',270,3),(9,'Toner cartridge',66,3),(10,'DVD burner',180,2);
/*!40000 ALTER TABLE `articulos` ENABLE KEYS */;
UNLOCK TABLES;

--
-- Table structure for table `cajas`
--

DROP TABLE IF EXISTS `cajas`;
/*!40101 SET @saved_cs_client     = @@character_set_client */;
 SET character_set_client = utf8mb4 ;
CREATE TABLE `cajas` (
  `NUMREFERENCIA` varchar(255) NOT NULL,
  `CONTENIDO` varchar(255) NOT NULL,
  `VALOR` double NOT NULL,
  `ALMACEN` int NOT NULL,
  PRIMARY KEY (`NUMREFERENCIA`),
  KEY `ALMACEN` (`ALMACEN`),
  CONSTRAINT `cajas_ibfk_1` FOREIGN KEY (`ALMACEN`) REFERENCES `almacenes` (`CODIGO`)
) ENGINE=InnoDB DEFAULT CHARSET=utf8;
/*!40101 SET character_set_client = @saved_cs_client */;

--
-- Dumping data for table `cajas`
--

LOCK TABLES `cajas` WRITE;
/*!40000 ALTER TABLE `cajas` DISABLE KEYS */;
INSERT INTO `cajas` VALUES ('0MN7','Rocks',180,3),('4H8P','Rocks',250,1),('4RT3','Scissors',190,4),('7G3H','Rocks',200,1),('8JN6','Papers',75,1),('8Y6U','Papers',50,3),('9J6F','Papers',175,2),('LL08','Rocks',140,4),('P0H6','Scissors',125,1),('P2T6','Scissors',150,2),('TU55','Papers',90,5);
/*!40000 ALTER TABLE `cajas` ENABLE KEYS */;
UNLOCK TABLES;

--
-- Table structure for table `departamentos`
--

DROP TABLE IF EXISTS `departamentos`;
/*!40101 SET @saved_cs_client     = @@character_set_client */;
 SET character_set_client = utf8mb4 ;
CREATE TABLE `departamentos` (
  `CODIGO` int NOT NULL,
  `NOMBRE` varchar(255) NOT NULL,
  `PRESUPUESTO` decimal(10,0) NOT NULL,
  PRIMARY KEY (`CODIGO`)
) ENGINE=InnoDB DEFAULT CHARSET=utf8;
/*!40101 SET character_set_client = @saved_cs_client */;

--
-- Dumping data for table `departamentos`
--

LOCK TABLES `departamentos` WRITE;
/*!40000 ALTER TABLE `departamentos` DISABLE KEYS */;
INSERT INTO `departamentos` VALUES (14,'IT',65000),(37,'Accounting',15000),(59,'Human Resources',240000),(77,'Research',55000);
/*!40000 ALTER TABLE `departamentos` ENABLE KEYS */;
UNLOCK TABLES;

--
-- Table structure for table `empleados`
--

DROP TABLE IF EXISTS `empleados`;
/*!40101 SET @saved_cs_client     = @@character_set_client */;
 SET character_set_client = utf8mb4 ;
CREATE TABLE `empleados` (
  `DNI` int NOT NULL,
  `NOMBRE` varchar(255) NOT NULL,
  `APELLIDOS` varchar(255) NOT NULL,
  `DEPARTAMENTO` int NOT NULL,
  PRIMARY KEY (`DNI`),
  KEY `DEPARTAMENTO` (`DEPARTAMENTO`),
  CONSTRAINT `empleados_ibfk_1` FOREIGN KEY (`DEPARTAMENTO`) REFERENCES `departamentos` (`CODIGO`)
) ENGINE=InnoDB DEFAULT CHARSET=utf8;
/*!40101 SET character_set_client = @saved_cs_client */;

--
-- Dumping data for table `empleados`
--

LOCK TABLES `empleados` WRITE;
/*!40000 ALTER TABLE `empleados` DISABLE KEYS */;
INSERT INTO `empleados` VALUES (123234877,'Michael','Rogers',14),(152934485,'Anand','Manikutty',14),(222364883,'Carol','Smith',37),(326587417,'Joe','Stevens',37),(332154719,'Mary-Anne','Foster',14),(332569843,'George','O\'Donnell',77),(546523478,'John','Doe',59),(631231482,'David','Smith',77),(654873219,'Zacary','Efron',59),(745685214,'Eric','Goldsmith',59),(845657233,'Luis','López',14),(845657245,'Elizabeth','Doe',14),(845657246,'Kumar','Swamy',14),(845657266,'Jose','Pérez',77);
/*!40000 ALTER TABLE `empleados` ENABLE KEYS */;
UNLOCK TABLES;

--
-- Table structure for table `fabricantes`
--

DROP TABLE IF EXISTS `fabricantes`;
/*!40101 SET @saved_cs_client     = @@character_set_client */;
 SET character_set_client = utf8mb4 ;
CREATE TABLE `fabricantes` (
  `CODIGO` int NOT NULL,
  `NOMBRE` varchar(255) NOT NULL,
  PRIMARY KEY (`CODIGO`)
) ENGINE=InnoDB DEFAULT CHARSET=utf8;
/*!40101 SET character_set_client = @saved_cs_client */;

--
-- Dumping data for table `fabricantes`
--

LOCK TABLES `fabricantes` WRITE;
/*!40000 ALTER TABLE `fabricantes` DISABLE KEYS */;
INSERT INTO `fabricantes` VALUES (1,'Sony'),(2,'Creative Labs'),(3,'Hewlett-Packard'),(4,'Iomega'),(5,'Fujitsu'),(6,'Winchester');
/*!40000 ALTER TABLE `fabricantes` ENABLE KEYS */;
UNLOCK TABLES;

--
-- Table structure for table `peliculas`
--

DROP TABLE IF EXISTS `peliculas`;
/*!40101 SET @saved_cs_client     = @@character_set_client */;
 SET character_set_client = utf8mb4 ;
CREATE TABLE `peliculas` (
  `CODIGO` int NOT NULL,
  `NOMBRE` varchar(255) NOT NULL,
  `CALIFICACIONEDAD` varchar(255) DEFAULT NULL,
  PRIMARY KEY (`CODIGO`)
) ENGINE=InnoDB DEFAULT CHARSET=utf8;
/*!40101 SET character_set_client = @saved_cs_client */;

--
-- Dumping data for table `peliculas`
--

LOCK TABLES `peliculas` WRITE;
/*!40000 ALTER TABLE `peliculas` DISABLE KEYS */;
INSERT INTO `peliculas` VALUES (1,'Citizen Kane','PG'),(2,'Singin\' in the Rain','G'),(3,'The Wizard of Oz','G'),(4,'The Quiet Man',NULL),(5,'North by Northwest',NULL),(6,'The Last Tango in Paris','NC-17'),(7,'Some Like it Hot','PG-13'),(8,'A Night at the Opera',NULL),(9,'Citizen King','G');
/*!40000 ALTER TABLE `peliculas` ENABLE KEYS */;
UNLOCK TABLES;

--
-- Table structure for table `salas`
--

DROP TABLE IF EXISTS `salas`;
/*!40101 SET @saved_cs_client     = @@character_set_client */;
 SET character_set_client = utf8mb4 ;
CREATE TABLE `salas` (
  `CODIGO` int NOT NULL,
  `NOMBRE` varchar(255) NOT NULL,
  `PELICULA` int DEFAULT NULL,
  PRIMARY KEY (`CODIGO`),
  KEY `PELICULA` (`PELICULA`),
  CONSTRAINT `salas_ibfk_1` FOREIGN KEY (`PELICULA`) REFERENCES `peliculas` (`CODIGO`)
) ENGINE=InnoDB DEFAULT CHARSET=utf8;
/*!40101 SET character_set_client = @saved_cs_client */;

--
-- Dumping data for table `salas`
--

LOCK TABLES `salas` WRITE;
/*!40000 ALTER TABLE `salas` DISABLE KEYS */;
INSERT INTO `salas` VALUES (1,'Odeon',5),(2,'Imperial',1),(3,'Majestic',NULL),(4,'Royale',6),(5,'Paraiso',3),(6,'Nickelodeon',NULL);
/*!40000 ALTER TABLE `salas` ENABLE KEYS */;
UNLOCK TABLES;
