CREATE DATABASE  IF NOT EXISTS `actividades`;
USE `actividades`;

-- DROP ALL if Exist
DROP TABLE IF EXISTS `salas`;
DROP TABLE IF EXISTS `peliculas`;

DROP TABLE IF EXISTS `cajas`;
DROP TABLE IF EXISTS `almacenes`;

DROP TABLE IF EXISTS `articulos`; 
DROP TABLE IF EXISTS `fabricantes`;

DROP TABLE IF EXISTS `empleados`;
DROP TABLE IF EXISTS `departamentos`; 

--
-- Table structure for table `peliculas`
--
CREATE TABLE `peliculas` (
  `CODIGO` int auto_increment NOT NULL,
  `NOMBRE` varchar(255) NOT NULL,
  `CALIFICACIONEDAD` varchar(255) DEFAULT NULL,
  PRIMARY KEY (`CODIGO`)
);
INSERT INTO `peliculas`(NOMBRE, CALIFICACIONEDAD) VALUES ('Citizen Kane','PG'),('Singin\' in the Rain','G'),('The Wizard of Oz','G'),('The Quiet Man',NULL),('North by Northwest',NULL),('The Last Tango in Paris','NC-17'),('Some Like it Hot','PG-13'),('A Night at the Opera',NULL),('Citizen King','G');


--
-- Table structure for table `salas`
--
CREATE TABLE `salas` (
  `CODIGO` int auto_increment NOT NULL,
  `NOMBRE` varchar(255) NOT NULL,
  `PELICULA` int DEFAULT NULL,
  PRIMARY KEY (`CODIGO`),
  KEY `PELICULA` (`PELICULA`),
  CONSTRAINT `salas_ibfk_1` FOREIGN KEY (`PELICULA`) REFERENCES `peliculas` (`CODIGO`)
);
INSERT INTO `salas`(NOMBRE, PELICULA) VALUES ('Odeon',5),('Imperial',1),('Majestic',NULL),('Royale',6),('Paraiso',3),('Nickelodeon',NULL);


--
-- Table structure for table `almacenes`
--
CREATE TABLE `almacenes` (
  `CODIGO` int auto_increment NOT NULL,
  `LUGAR` varchar(255) NOT NULL,
  `CAPACIDAD` int NOT NULL,
  PRIMARY KEY (`CODIGO`)
);
INSERT INTO `almacenes`(LUGAR, CAPACIDAD) VALUES ('Valencia',3),('Barcelona',4),('Bilbao',7),('Los Angeles',2),('San Francisco',8);


--
-- Table structure for table `cajas`
--
CREATE TABLE `cajas` (
  `NUMREFERENCIA` varchar(255) NOT NULL,
  `CONTENIDO` varchar(255) NOT NULL,
  `VALOR` double NOT NULL,
  `ALMACEN` int NOT NULL,
  PRIMARY KEY (`NUMREFERENCIA`),
  KEY `ALMACEN` (`ALMACEN`),
  CONSTRAINT `cajas_ibfk_1` FOREIGN KEY (`ALMACEN`) REFERENCES `almacenes` (`CODIGO`)
);
INSERT INTO `cajas` VALUES ('0MN7','Rocks',180,3),('4H8P','Rocks',250,1),('4RT3','Scissors',190,4),('7G3H','Rocks',200,1),('8JN6','Papers',75,1),('8Y6U','Papers',50,3),('9J6F','Papers',175,2),('LL08','Rocks',140,4),('P0H6','Scissors',125,1),('P2T6','Scissors',150,2),('TU55','Papers',90,5);


--
-- Table structure for table `departamentos`
--
CREATE TABLE `departamentos` (
  `CODIGO` int NOT NULL,
  `NOMBRE` varchar(255) NOT NULL,
  `PRESUPUESTO` decimal(10,0) NOT NULL,
  PRIMARY KEY (`CODIGO`)
);
INSERT INTO `departamentos` VALUES (14,'IT',65000),(37,'Accounting',15000),(59,'Human Resources',240000),(77,'Research',55000);

--
-- Table structure for table `empleados`
--
CREATE TABLE `empleados` (
  `DNI` int NOT NULL,
  `NOMBRE` varchar(255) NOT NULL,
  `APELLIDOS` varchar(255) NOT NULL,
  `DEPARTAMENTO` int NOT NULL,
  PRIMARY KEY (`DNI`),
  KEY `DEPARTAMENTO` (`DEPARTAMENTO`),
  CONSTRAINT `empleados_ibfk_1` FOREIGN KEY (`DEPARTAMENTO`) REFERENCES `departamentos` (`CODIGO`)
);
INSERT INTO `empleados` VALUES (123234877,'Michael','Rogers',14),(152934485,'Anand','Manikutty',14),(222364883,'Carol','Smith',37),(326587417,'Joe','Stevens',37),(332154719,'Mary-Anne','Foster',14),(332569843,'George','O\'Donnell',77),(546523478,'John','Doe',59),(631231482,'David','Smith',77),(654873219,'Zacary','Efron',59),(745685214,'Eric','Goldsmith',59),(845657233,'Luis','López',14),(845657245,'Elizabeth','Doe',14),(845657246,'Kumar','Swamy',14),(845657266,'Jose','Pérez',77);

--
-- Table structure for table `fabricantes`
--
CREATE TABLE `fabricantes` (
  `CODIGO` int auto_increment NOT NULL ,
  `NOMBRE` varchar(255) NOT NULL,
  PRIMARY KEY (`CODIGO`)
);
INSERT INTO `fabricantes`(NOMBRE) VALUES ('Sony'),('Creative Labs'),('Hewlett-Packard'),('Iomega'),('Fujitsu'),('Winchester');

--
-- Table structure for table `articulos`
--
CREATE TABLE `articulos` (
  `CODIGO` int auto_increment NOT NULL,
  `NOMBRE` varchar(255) NOT NULL,
  `PRECIO` decimal(10,0) NOT NULL,
  `FABRICANTE` int NOT NULL,
  PRIMARY KEY (`CODIGO`),
  KEY `FABRICANTE` (`FABRICANTE`),
  CONSTRAINT `articulos_ibfk_1` FOREIGN KEY (`FABRICANTE`) REFERENCES `fabricantes` (`CODIGO`)
);
INSERT INTO `articulos`(NOMBRE, PRECIO, FABRICANTE) VALUES ('Hard drive',240,5),('Memory',120,6),('ZIP drive',150,4),('Floppy disk',5,6),('Monitor',240,1),('DVD drive',180,2),('CD drive',90,2),('Printer',270,3),('Toner cartridge',66,3),('DVD burner',180,2);

